{
    "texture_name": "atlas.terrain",
    "resource_pack_name": "Fake Mob Blocks RP",
    "padding": 8,
    "num_mip_levels": 4,
    "texture_data": {
        "douarmc:allay": {
            "textures": "textures/entity/allay/allay.png"
        },
        "douarmc:armadillo": {
            "textures": "textures/entity/armadillo.png"
        },
        "douarmc:axolotl_lucy": {
            "textures": "textures/entity/axolotl/axolotl_lucy.png"
        },
        "douarmc:axolotl_cyan": {
            "textures": "textures/entity/axolotl/axolotl_cyan.png"
        },
        "douarmc:axolotl_gold": {
            "textures": "textures/entity/axolotl/axolotl_gold.png"
        },
        "douarmc:axolotl_wild": {
            "textures": "textures/entity/axolotl/axolotl_wild.png"
        },
        "douarmc:axolotl_blue": {
            "textures": "textures/entity/axolotl/axolotl_blue.png"
        },
        "douarmc:bat_v2": {
            "textures": "textures/entity/bat_v2.png"
        },
        "douramc:bee_neutral": {
            "textures": "textures/entity/bee/bee.png"
        },
        "douramc:bee_angry": {
            "textures": "textures/entity/bee/bee_angry.png"
        },
        "douarmc:chicken": {
            "textures": "textures/entity/chicken.png"
        },
        "douarmc:cow": {
            "textures": "textures/entity/cow/cow.png"
        },
        "douarmc:frog_temperate": {
            "textures": "textures/entity/frog/temperate_frog.png"
        },
        "douarmc:frog_cold": {
            "textures": "textures/entity/frog/cold_frog.png"
        },
        "douarmc:frog_warm": {
            "textures": "textures/entity/frog/warm_frog.png"
        }
    }
}