{
    "texture_name": "atlas.terrain",
    "resource_pack_name": "wiki",
    "padding": 8,
    "num_mip_levels": 4,
    "texture_data": {
      "douarmc:temperate_frog": {
        "textures": "textures/entity/frog/temperate_frog.png"
      },
      "douarmc:cold_frog": {
        "textures": "textures/entity/frog/cold_frog.png"
      },
      "douarmc:warm_frog": {
        "textures": "textures/entity/frog/warm_frog.png"
      },
      "douarmc:chicken": {
        "textures": "textures/entity/chicken.png"
      },
      "douramc:neutral_bee": {
        "textures": "textures/entity/bee/bee.png"
      },
      "douramc:angry_bee": {
        "textures": "textures/entity/bee/bee_angry.png"
      },
      "douarmc:allay": {
        "textures": "textures/entity/allay/allay.png"
      }
    }
  }